Model,Accuracy,Precision Score,Recall,F1 Score
Logistic Regression,0.9575384615384616,0.9506953223767383,0.9616368286445013,0.9561347743165926
Random Forest,1.0,1.0,1.0,1.0
Naive Bayes,0.9273846153846154,0.923469387755102,0.9258312020460358,0.9246487867177522
Decision Tree,1.0,1.0,1.0,1.0
